echo My favorite expressions include\<ul\>	\<li\>Lady Mondegreen\</li\>	\<li\>Avakumica\</li\>	\<li\>Bookkeeper\</li\>	\<li\>Serendipity\</li\>	\<li\>Wishful thinking\</li\>\</ul\> | pandoc -f html -t markdown > _posts/2008-12-29-about.md
echo Murphy\'s law is wrong | pandoc -f html -t markdown > _posts/2008-12-30-murphys-optimistic-law.md
echo It was easier with the dating site where only members could read my posts.  I was blogging for women I found attractive.  My posts were spontaneous, sometimes wild and offensive\; I seized every opportunity to make fun of the very nice and PC ladies who were looking for gentlemen.  Because I prefer women who don\'t blush upon hearing a fuck or two.  Well, it took me some time to become as spontaneous as I wanted to be.\<br\>\<br\>This is a different situation now.  I don\'t want to date -- I won\'t respond to posts without a photo.  And English is not my first language.  It\'s my second, so it\'s not that far away.  And I don\'t know anything about my audience. | pandoc -f html -t markdown > _posts/2009-01-03-looking-for-an-audience.md
echo \<blockquote\>\"Why not be bored until we are bored of being bored? We change behaviour when we reach a threshold.\" \(from \<a href=\"http://www.nlpconnections.com/talk-about-nlp/466-secret-boredom.html\"\>The secret of boredom - NLP Connections\</a\>\)\</blockquote\>Sounds so Gestalt.  It also explains why we suddenly feel a lot better after hours of crying.  Dig until you come out of the Earth on the other side. | pandoc -f html -t markdown > _posts/2009-01-06-reaching-a-threshold.md
echo This yiddishe mame gives a red tie and a blue to tie his son for his birthday.  He comes down next morning, smiling, wearing the red tie.  And she says, \"so you don\'t like the blue one\"\<br\>\<br\>Unbeatable.  What could you say?  Let\'s see some variants.\<br\>\<br\>1.\<br\>\<br\>\"But, mom...\"\<br\>\<br\>No, it\'s already wrong.\<br\>\<br\>2.\<br\>\<br\>\"I can\'t wear two ties at the same time\"\<br\>\<br\>\"\<em\>I can\'t\</em\> means \<em\>I don\'t want to\</em\>\"\<br\>\<br\>3.\<br\>\<br\>\"There must be one you prefer to the other\"\<br\>\<br\>\"So I am right, you don\'t like the blue one\"\<br\>\<br\>4.\<br\>\<br\>\"Yes, I don\'t like it\"\<br\>\<br\>\"Well, it\'s really impossible to make you happy\" | pandoc -f html -t markdown > _posts/2009-01-08-my-favorite-yiddishe-mame-joke.md
echo The more skillfully you manipulate people, the more you really pay attention to them, and the more you become able to forget about your ego. | pandoc -f html -t markdown > _posts/2009-01-08-manipulate-more-skillfully.md
echo I hate pretending I am a native english speaker.  I not.  I use spell-checker.  It makes little red dots to teach me.  Dont care.  I do.  Try not to.  spellchecker is not my brain.  And my brain is not spellcheckerboard.  Haha.  Funny foreigner thinks he can master the language.  He just makes fun of herself.  Pronuns intended.  Pun intended.\<br\>\<br\>Difficult to pretend I am more stupid than I am.  It gives freedom, though.  I want more freedom, so I want to fail more.  \(Funny coincidence, \<em\>fail\</em\> pronounced in Hungarian means \<em\>he is afraid\</em\>.\)\<br\>\<br\>I like using italics.  I hate smileys.  People using smileys belong to a lower caste.  They cannot use proper language, they don\'t have a taste for language nuances.\<br\>\<br\>..... :\)\<br\>\<br\>Huh, I couldn\'t resist it.  I know it\'s a bad joke.  I still hate smileys.  My English is better than that. | pandoc -f html -t markdown > _posts/2009-01-09-bad-english.md
echo to blog | pandoc -f html -t markdown > _posts/2009-01-09-new-years-promise.md
echo Write a story backwards, one paragraph per post.  So it will read a normal, forward story when published. | pandoc -f html -t markdown > _posts/2009-01-09-blogostory.md
echo I am having more categories than posts.  Is this a sign of being organized?  Rather than content...\<br\>\<br\>My posts tend to be short, too. | pandoc -f html -t markdown > _posts/2009-01-09-categoritis.md
echo My old site used a wiki/CMS created with \<a title=\"an easy and smooth variant of Lisp\" href=\"http://www.newlisp.org\" target=\"_blank\"\>newLISP\</a\>.  My experience with it was that it worked just the way my brain works, it felt so simple and natural. It also has a great and responsive community.\<br\>\<br\>Then I changed host and it was difficult to port my old site, due to the absence of ssh/scp access.\<br\>\<br\>Thank you, Lutz and you folks, I enjoyed the time spent with you.  Keep up the good work!  I might return one day. | pandoc -f html -t markdown > _posts/2009-01-10-an-affair-with-newlisp.md
echo \<blockquote\>Shall I write a piece that gives something to many people?\<br\>\<br\>Or shall I write a piece that gives something to less people who are more like me?\</blockquote\>No, it\'s not about money.  I mean, not only about money. | pandoc -f html -t markdown > _posts/2009-01-11-question-of-a-writer.md
echo \<a href=\"http://www.taskberry.com\" target=\"_blank\"\>My darling\</a\> is here.  It took me a couple of months to put it together, but certainly less than 9 months.  Men are just faster.\<br\>\<br\>My latest slogan for it is \"the fun of discipline\".  How do you like it?  Or does it sound like an entertaining kinky site for managers?  It\'s definitely not.  It\'s about managing tasks in a fun and disciplined way.  Check it out and see for yourself.\<br\>\<br\>To tell the truth, it\'s a but rough around the edges.  Some edges are even nonexistent. | pandoc -f html -t markdown > _posts/2009-01-12-taskberry.md
echo \"My name is Juan Esposito di Parco Molo, er... Marco Polo di...\"\<br\>\<br\>\"Porco Malo... hmm!  I want to call you your full name.  What a wonderful opportunity to waste my time!\" | pandoc -f html -t markdown > _posts/2009-01-13-a-wonderful-opportunity.md
echo I receive mails recently that claim they are not spam, because they are not hiding their real address, and one can even unsubscribe clicking a link.  If you have some experience with spams, you know that clicking such a link has a special meaning to the sender.  It means, \"good, this address is valid, so it\'s worth sending more mails there\".\<br\>\<br\>Here is what I\'m doing with these messages\<ul\>	\<li\>mark them as spam on gmail\</li\>	\<li\>put their address here for robots, so the senders will get a taste of receiving spams and not spams but direct marketing mails\</li\>\</ul\>And here is the list,\<ul\>	\<li\>Management Kiadó: managementkiado.kft@upcmail.hu\</li\>	\<li\>Wellness Hotels: wellnesshotels09@gmail.com wellnesshotels@gmail.com\</li\>	\<li\>Kincsem Wellness Hotel: info@kincsemhotel.hu sales@kincsemhotel.hu\</li\>\</ul\> | pandoc -f html -t markdown > _posts/2009-01-13-direct-marketing-not-spam.md
echo If you are in a blue mood and don\'t feel like doing X... then do X.  It might turn out better than expected.  If you can\'t do X, then do x, just a tiny bit of it.  Just five minutes of that ugly x, for daddy\'s sake. | pandoc -f html -t markdown > _posts/2009-01-14-out-of-the-blue-monday.md
echo \<p\>MARY: \<font color=\'#c60\'\> You may not know that I broke up with George since we last met.\</font\>\</p\>\<p\>BOB: \<font color=\'#3a6\'\> So I have more chance now...\</font\>\</p\>\<p\>MARY: \<font color=\'#c60\'\> More.  Enough to invite me for a whisky.  Maybe even for a dinner.\</font\>\</p\>\<p\>BOB: \<font color=\'#3a6\'\> And what are the chances of having sex after that whisky?  Or after the dinner?\</font\>\</p\>\<p\>MARY: \<font color=\'#c60\'\> I don\'t want to disappoint you...\</font\>\</p\>\<p\>BOB: \<font color=\'#3a6\'\> OK, I\'m waiting till you\'ll have broken up with Peter, then with Tom who calls you \<i\>Bunny\</i\>, then maybe with another George...\</font\>\</p\>\<p\>MARY: \<font color=\'#c60\'\> Stop it.  And stop fidgeting with my phone.\</font\>\</p\>\<p\>BOB: \<font color=\'#3a6\'\> Just a sec.  Who is this Bergyle?  That\'s a new guy.\</font\>\</p\>\<p\>MARY: \<font color=\'#c60\'\> Ann Bergyle?\</font\>\</p\>\<p\>BOB: \<font color=\'#3a6\'\> A woman?  Let me delete it.\</font\>\</p\>\<p\>MARY: \<font color=\'#c60\'\> Stop it, bastard.  You\'re ruining your last chance to invite me for dinner.\</font\>\</p\>\<p\>BOB: \<font color=\'#3a6\'\> Before having sex?\</font\>\</p\>\<p\>MARY: \<font color=\'#c60\'\> Instead of having sex.\</font\>\</p\>\<p\>BOB: \<font color=\'#3a6\'\> Got it.  So Missus Ann Bergyle is gone.\</font\>\</p\>\<p\>MARY: \<font color=\'#c60\'\> You really deleted it?\</font\>\</p\>\<p\>BOB: \<font color=\'#3a6\'\> It was just a woman.  Not a candidate to be your partner for the rest of your life.\</font\>\</p\>\<p\>MARY: \<font color=\'#c60\'\> Would you please go further down the list and if you find your name, delete it, too.\</font\>\</p\>\<p\>\(phone rings\)\</font\>\</p\>\<p\>BOB: \<font color=\'#3a6\'\> It\'s George.  Is it the George?\</font\>\</p\> | pandoc -f html -t markdown > _posts/2009-01-17-the-george.md
echo JILL: \<span style=\"color: purple\;\"\>I\'m sorry, this is my cart.\</span\>\<br\>PATRICIA: \<span style=\"color: salmon\;\"\>Did you buy six packs of condom and ten pieces of broccoli?\</span\>\<br\>JILL: \<span style=\"color: purple\;\"\>I didn\'t pay attention, I just threw in everything I liked.\</span\>\<br\>PATRICIA: \<span style=\"color: salmon\;\"\>Condoms and broccolis, hmm.  Seems perfect for a vegetarian orgy.\</span\>\<br\>JILL: \<span style=\"color: purple\;\"\>Wanna join in?\</span\>\<br\>PATRICIA: \<span style=\"color: salmon\;\"\>I eat meat.\</span\>\<br\>JILL: \<span style=\"color: purple\;\"\>Every day?  I mean, every night?\</span\>\<br\>PATRICIA: \<span style=\"color: salmon\;\"\>If available.\</span\>\<br\>JILL: \<span style=\"color: purple\;\"\>So what\'s in your cart then?  Let me see... Ten packs of condom and six pieces of broccoli.  You seem to prefer sex to eating.\</span\>\<br\>PATRICIA: \<span style=\"color: salmon\;\"\>I eat meat.  And I see one or two of my lovers every day.  Broccoli is rich in vitamin something needed by men.\</span\>\<br\>JILL: \<span style=\"color: purple\;\"\>I know, I read probably the same book, \"How to organize a vegie orgy\".\</span\>\<br\>PATRICIA: \<span style=\"color: salmon\;\"\>Never more than two men in the same bed.\</span\>\<br\>JILL: \<span style=\"color: purple\;\"\>The question is how many beds you have.\</span\>\<br\>PATRICIA: \<span style=\"color: salmon\;\"\>One in my bedroom, of course, a sofa in the dining room.  I also have a large dining table.  Does it count?\</span\>\<br\>JILL: \<span style=\"color: purple\;\"\>It scores only half.\</span\>\<br\>PATRICIA: \<span style=\"color: salmon\;\"\>Well, Dick is short, so that\'s a problem... And how about carpets?\</span\>\<br\>JILL: \<span style=\"color: purple\;\"\>At your age?\</span\>\<br\>PATRICIA: \<span style=\"color: salmon\;\"\>I\'m just the organizer.  Or voyeur, if you like.\</span\>\<br\>JILL: \<span style=\"color: purple\;\"\>I want to peep you peep one day.\</span\>\<br\>PATRICIA: \<span style=\"color: salmon\;\"\>Your place or my place?\</span\>\<br\>JILL: \<span style=\"color: purple\;\"\>It doesn\'t matter.  We got sixteen packs of condom and sixteen broccolis altogether.\</span\> | pandoc -f html -t markdown > _posts/2009-01-18-condoms-and-broccolis.md
echo I\'ve been trying \<a href=\"http://www.markforster.net\" target=\"_blank\"\>Autofocus\</a\>, Mark Forster\'s new task management system.  I was quite anxious for a while that the system would discard important tasks.  So I kept looking for tasks on the first page to keep it alive.  Then it happened, a good half of the tasks got dismissed.  And it was a relief rather than a source of anxiety.\<br\>\<br\>It\'s a nice way to put -- the system did the dirty job, discarding dead weight.  It\'s actually my intuitive part that I\'m growing to trust more and more.\<br\>\<br\>Another challenge came yesterday when I realized at the end of the day that I hadn\'t made a step in an important project due within a few days.  I spent my time on less urgent stuff instead.  That made me feel guilty, so I explored what I had actually done and what I hadn\'t.  Here is the result,\<ul\>	\<li\>I spent much time on a writing project which is due later, but it needs a lot of preparation\</li\>	\<li\>I worked on a less urgent project but it\'s more important in the long run\</li\>	\<li\>I spent a few hours reading Haskell-related stuff -- it\'s no work, but hey, it was Sunday after all, and too much work and no fun makes Jack a dull boy\</li\>	\<li\>It turned out that the feature I wanted to implement in TaskBerry was too complex, a simpler solution would suffice\</li\>\</ul\>So I realized, Autofocus was right.  I can trust my intuition. | pandoc -f html -t markdown > _posts/2009-02-02-autofocus-was-right.md
echo \<ul\>	\<li\>Monty Roberts: Lovak és emberek \(\<em\>Horse sense for people\</em\>\)\</li\>	\<li\>Ursula Le Guin: The Dispossessed\</li\>	\<li\>Lázár Ervin: A Franka Cirkusz\</li\>	\<li\>Ian McEwan: A képzelgő \(\<em\>The daydreamer\</em\>\)\</li\>	\<li\>Viktor Pelevin: \<span id=\"maskwindow\"\>A hunok harmóniája\</span\>\</li\>	\<li\>Rimóczi László-Váry-Molnár Csaba: Leápoljam? Igen vagy nem!\</li\>	\<li\>\<span id=\"maskwindow\"\>Don DeLillo: Running dog\</span\>\</li\>	\<li\>\<span id=\"maskwindow\"\>Richard Brautigam: Hogy el ne fújja mind a szél \(\<em\>So the wind won\'t blow it all away\</em\>\)\</span\>\</li\>	\<li\>\<span id=\"maskwindow\"\>Philip K Dick: Időugrás a Marson \(\<em\>Martian time-slip\</em\>\)\</span\>\</li\>	\<li\>\<span id=\"maskwindow\"\>Will Self: Grey area \</span\>\</li\>	\<li\>\<span id=\"maskwindow\"\>Ray Bradbury: A villamos testet énekelem \(\<em\>I sing the body electric!\</em\>\)\</span\>\</li\>	\<li\>Alice Hoffman: A hetedik mennyország \(\<em\>The seventh heaven\</em\>\)\</li\>	\<li\>China Miéville: Perdido Pályaudvar, végállomás \(\<em\>Perdido Street Station\</em\>\)\</li\>	\<li\>Daniel Katz: Mikko Papiross csodálkozik \(\<em\>Mikko Papirossin taivaallinen niskalenkki\</em\>\)\<span id=\"maskwindow\"\> \</span\>\</li\>\</ul\> | pandoc -f html -t markdown > _posts/2009-02-03-reading.md
echo You can find many posts on how to overcome writer\'s block.  Some books devote a whole chapter to this issue.  Many relate it to the internal censor that needs to be shut up -- even if only until you are finished with the first draft.\<br\>\<br\>Now if you consider writer\'s block as someone to beat up, and you succeed, it will make him stronger.  When you learn a trick to accomplish it, he will learn it, because he is smart.  He must be strong and smart to be able to stop a whole creative process.  Then you learn a new trick that might work until he learns it, too.  It\'s like an armament competition between two countries.\<br\>\<br\>Let\'s just treat him like a... no, not a friend, that would be too difficult first.  Just treat him like a stranger, call him WB, we don\'t know his full name yet -- he\'s a stranger after all.  You won\'t lose anything with assumption, if he turns out to have an evil plot for you, you can still beat him up as like.  But for the moment, you cannot be sure if his intentions are good or bad.  All you know is he said, \"stop what you are doing\".\<br\>\<br\>Looking at the scene from a bird\'s eye view, it could mean anything.  You might be standing a few steps away from abyss, then he has pretty good intentions to save you from falling.  Or you are driving to the last parking place around which he wants for himself, then he doesn\'t care about you, he just wants to park his car.  Or he stops you in the middle of a busy road while crossing to get hit by a car.  How do you decide?\<br\>\<br\>Have a closer look at what you were doing.  Your prompt answer could be, you were just writing when he jumped in.  But you were probably not.  When you are head into the creative process, all the engines are on, to stop it would be like stopping a running train.  Poor WB couldn\'t do that \(unless you have already given him a proper training with \"overcoming tricks\"\).  He waits until the train slows down or even until it comes to a halt.  Then he can jump in and prevent the train speed up again.  What most people call a writer\'s block is when the train is actually standing at a station and they cannot make it run again.\<br\>\<br\>An advice you can hear a lot in such cases, \"focus on quantity, quality will be given\".  And this is where the internal censor comes into play.  It\'s your inner voice, saying, stop writing this trash.  And she has her reasons, she wants to enjoy the act of writing, she wants to enjoy that something valuable is being produced.  It wouldn\'t be nice to make her shut up and tolerate ten times more rubbish until you hopefully get to quality.\<br\>\<br\>Do you want to lift a weight?  Fine.  Do you fail?  Fine.  Why not fail ten more times with the same weight?  Because it\'s frustrating, even if you can do it after many tries.  Remove some weights, lower your aspirations.  Writer\'s block?  How about writing a page of a\'s?\<br\>\<br\>Boring?  I bet you.  Then put back some more weight.  Or just role the whole weight on the ground.  Find a way that suits your muscles.  Find what you can write really great.  And if it\'s only a page of a\'s, fine.  There aren\'t many really good a-writers anyway. | pandoc -f html -t markdown > _posts/2009-02-04-writers-block-how-not-to-overcome-it.md
echo I just posted something about writer\'s block.  It started as a great insight then it ended up as mediocre crap.  I enjoyed writing it, at least. | pandoc -f html -t markdown > _posts/2009-02-04-writers-block-i-wrote-crap.md
echo Mark Forster suggests a \"little and often\" approach in task management.  After just reading small snippets of different stuff and loading them into my brain, I suggest an addition.  \<strong\>Change \</strong\>little and often.  It doesn\'t matter how small the change is, but whatever you do, make a change.  So for example if you have a task ?Think about cover letter\", and you spend only 1 minute thinking without having any great idea, then just jot down the only bad idea you had.  It may be one word only.\<br\>\<br\>This approach has had some advantages for me.  It feels I really made a step forward, I\'m not just playing around.  And looking back two days later, the bad idea can still be a handle to move on -- it may even be a base to build on.\<br\>\<br\>This post is just an example of \"change little and often\".  I had a task to blog about my experience with Autofocus.  All I wanted to do is post a single sentence, it just kept growing. | pandoc -f html -t markdown > _posts/2009-02-09-change-little-and-often.md
echo \<ul\>	\<li\>Get the most out of it, get the most out of yourself\</li\>	\<li\>Find a way to enjoy it\</li\>\</ul\>... more to come | pandoc -f html -t markdown > _posts/2009-02-20-my-commandments.md
echo Strictly the ones that gave me inspiration\<ul\>	\<li\>Ray Bradbury: Zen in the art of writing\</li\>	\<li\>Orson Scott Card: Characters and viewpoint\</li\>	\<li\>Keith Johnstone: Impro for storytellers \<em\>\(this is about acting rather than writing, but useful for writers too\)\</em\>\</li\>	\<li\>Stephen King: On writing\</li\>	\<li\>Holly Lisle: Writing fiction for love and money\</li\>	\<li\>Paul Matthews: Sing me the creation\</li\>	\<li\>John Clark Pratt: Writing from scratch: The essay\</li\>	\<li\>Jerome Stern: Making shapely fiction\</li\>\</ul\> | pandoc -f html -t markdown > _posts/2009-02-20-books-on-writing.md
echo This woman started to take happiness seriously and spent a year to check old wisdom about it and find her way to it.  One thing she suggests is that everyone make a list of their \<a href=\"http://www.happiness-project.com/happiness_project/2008/12/new-years-resol.html\" target=\"_blank\"\>personal commandments\</a\>.  Here is the beginning of mine\<ul\>	\<li\>Get the most out of it.  Get the most out of yourself.\</li\>	\<li\>Find a way to enjoy it.\</li\>	\<li\>Compose your life into a single piece of art.\</li\>	\<li\>Check regularly if you are on your path.\</li\>	\<li\>Push your comfort zone.\</li\>	\<li\>Don\'t be too hard on yourself.  Don\'t be too soft on yourself.\</li\>\</ul\> | pandoc -f html -t markdown > _posts/2009-02-22-my-personal-commandments.md
echo Are you ready?\<br\>\<br\>Ready for what?\<br\>\<br\>To say something smart.\<br\>\<br\>Er... give me a minute | pandoc -f html -t markdown > _posts/2009-02-24-smart.md
echo \<div id=\":sf\" class=\"ii gt\"\>\<ul\>	\<li\>It fits on a floppy.  Ideally, it doesn\'t exceed the psychological limit of 1MB.\</li\>	\<li\>What it does can be described in one simple sentence.\</li\>	\<li\>Its creator had a strong interest to make it.  Or better yet, a personal need.\</li\>	\<li\>It\'s not trying to outsmart you.  \(If you ever spent half an hour killing all the annoying auto-whatever features in Word, you know what I am talking about\)\</li\>	\<li\>It was made by one person, or at most by a small group of people.\</li\>	\<li\>It\'s free.  It\'s not always true, unfortunately.\</li\>	\<li\>You can play with it.  By playing I mean something very serious.\</li\>	\<li\>It\'s better or easier to use than good old pen and paper.  If you look deep into your heart, you have to admit that many programs fall short of this.\</li\>\</ul\>\<div\>Here are some examples\</div\>\<ul\>	\<li\> \<a href=\"http://www.fellnersoft.at/eTR.htm\" target=\"_blank\"\>Tom\'s eTextReader\</a\>\</li\>	\<li\> \<a href=\"http://www.treesheets.com/\" target=\"_blank\"\>\</a\>\<a href=\"http://www.treesheets.com\"\>TreeSheets\</a\>\</li\>	\<li\> \<a href=\"http://www.procrastitracker.com\"\>ProcrastiTracker\</a\> \(I was considering for a moment to switch back to Windows to be able to use it\)\</li\>	\<li\>\<a href=\"http://www.vim.org\"\>Vim\</a\> \(Well, of course\)\</li\>\</ul\>\</div\> | pandoc -f html -t markdown > _posts/2009-03-13-zen-of-software-quality.md
echo A key element of Autofocus is to pick a task from a list subconsiously, intuitively.  Or how Mark puts it, choose the task that stands out.  There are pages in my system that keep remaining active,  I have difficulty to choose what stands out, but I\'m also reluctant to dismiss the whole page.  Here is how I managed to \(subconsciously\) work around this.  I scan the list, read each task, maybe pick one that doesn\'t feel right.  Then I go out for something else, make a tea, make a pee, whatever.  And I notice my mind is busy with an item on the list, not the one I chose, but another one.  That\'s my intuitive choice. | pandoc -f html -t markdown > _posts/2009-03-15-choosing-from-a-list-subconsciously.md
echo \<a href=\"http://en.wikipedia.org/wiki/3-back_task\"\>\<img class=\"alignleft size-full wp-image-170\" title=\"Dress pattern\" src=\"http://adam.schmideg.net/wp-content/uploads/2009/03/dress-pattern.jpg\" alt=\"Dress pattern\" width=\"300\" height=\"182\" /\>n-back\</a\> is a method to test your short term memory.  According to some research, it may increase your fluid intelligence.  I\'ve been playing with \<a href=\"http://brainworkshop.sourceforge.net\"\>BrainWorkshop\</a\>, a neat little open source program  for n-back.  It works, I\'ve already become smarter.  My proof is that I invented a word puzzle.\<br\>\<br\>The n-back value of a word is the number of letters repeated at the nth position, for example the 2-back value of \<em\>da\<strong\>d\</strong\>\</em\> is 1, because the last d is two positions from the first d.  A letter in bold shows a repetition.  The 2-back value of my name, \<em\>Ad\<strong\>a\</strong\>m\</em\>, is also 1.  Higher numbers can also play, the 3-back value of \<em\>memb\<strong\>e\</strong\>r\</em\> is 1, while its 2-back value is also 1 \(\<em\>me\<strong\>m\</strong\>ber\</em\>\).  Is 1 the highest n-back value for words?  No.  Some of my favorite ones, \<em\>nonse\<strong\>nse\</strong\>\</em\>, \<em\>conte\<strong\>nte\</strong\>d\</em\>, \<em\>stomach\<strong\>ach\</strong\>e\</em\> all have 3 as their 3-back value.  Or the simplest one, \<em\>tar\<strong\>tar\</strong\>\</em\>, which is nothing else but repetition.  They look easy, because its a whole block of letters that are repeated.  But there are trickier ones, like \<em\>ful\<strong\>f\</strong\>i\<strong\>l\</strong\>l\<strong\>i\</strong\>ng\</em\> where the repeating letters are interspersed.  Which English word do you think has the highest n-back value?  I don\'t know. | pandoc -f html -t markdown > _posts/2009-03-17-n-back-words-puzzle.md
echo \(See my previous post about n-back words\)  I found only two in English: \<em\>beri\<strong\>beri\</strong\>\</em\>, \<em\>hots\<strong\>hots\</strong\>\</em\>. There are some more in Hungarian: \<em\>elők\<strong\>elők\</strong\>\</em\>, \<em\>tisz\<strong\>tisz\</strong\>olga\</em\>, \<em\>történe\<strong\>téne\</strong\>k\</em\>.  It\'s addictive, don\'t read this post before going to bed.\<br\>\<br\>I really can\'t stop, I just checked if there are words with an amazingly repeating block of 5 letters.  None in English, only one in Hungarian: \<em\>tisztesség\<strong\>esség\</strong\>\</em\>. | pandoc -f html -t markdown > _posts/2009-03-17-yummy-4-back-words.md
echo In this economic situation, everyone is interested in savings.  I am exploring here how you can save a few letters when typing.  A simple method exploited by shorthand and speedwriting systems is to find the most frequent blocks of letters \(n-grams\) and use an abbreviation instead.  The natural consumer\'s question is, how can you save most?\<br\>\<strong\>Bigrams or trigrams?\</strong\> Suppose, the most frequent bigram \(block of two consecutive letters\) is \<em\>th\</em\> in English.  We could type \<em\>1\</em\> for it, so \"the royal path\" would be spelled \"1e royal pa1\".  Suppose furthermore, the most frequent trigram \(block of three\) is \<em\>ath\</em\> in English, so using \<em\>2\</em\> as an abbreviation would give us the spelling \"m2 is the p2\" for  \"math is the path\".  As you can see, the longer block is abbreviated, the more letters are saved.  But longer blocks occur less frequently.  How could you save more, with bigrams or trigrams? | pandoc -f html -t markdown > _posts/2009-03-21-saving-letters.md
echo I already mentioned \<a href=\"http://www.treesheets.com\"\>TreeSheets\</a\>.  The more time I spend with it, the more fascinating I find its idea.  Here is an example what I like about it.  It was created with, you guess, yes, TreeSheets.\<table border=\"1\" cellspacing=\"0\" cellpadding=\"3\"\>\<tbody\>\<tr valign=\"top\"\>\<td\>What I like about TreeSheets\<table border=\"1\" cellspacing=\"0\" cellpadding=\"3\"\>\<tbody\>\<tr valign=\"top\"\>\<td\>The idea\<table border=\"1\" cellspacing=\"0\" cellpadding=\"3\"\>\<tbody\>\<tr valign=\"top\"\>\<td\>Hierarchical\</td\>\</tr\>\<tr valign=\"top\"\>\<td\>Structured\</td\>\</tr\>\<tr valign=\"top\"\>\<td\>Compact presentation\</td\>\</tr\>\</tbody\>\</table\>\</td\>\</tr\>\<tr valign=\"top\"\>\<td\>Intiutive GUI\<table border=\"1\" cellspacing=\"0\" cellpadding=\"3\"\>\<tbody\>\<tr valign=\"top\"\>\<td\>Easy to insert new cells\</td\>\</tr\>\<tr valign=\"top\"\>\<td\>Tricky ways to manipulate hierarchy\</td\>\</tr\>\<tr valign=\"top\"\>\<td\>My favorite: transposition\<table border=\"1\" cellspacing=\"0\" cellpadding=\"3\"\>\<tbody\>\<tr valign=\"top\"\>\<td\>\<table border=\"1\" cellspacing=\"0\" cellpadding=\"3\"\>\<tbody\>\<tr valign=\"top\"\>\<td\>left\</td\>\<td\>right\</td\>\</tr\>\</tbody\>\</table\>\</td\>\<td\>\&lt\;=\&gt\;\</td\>\<td\>\<table border=\"1\" cellspacing=\"0\" cellpadding=\"3\"\>\<tbody\>\<tr valign=\"top\"\>\<td\>left\</td\>\</tr\>\<tr valign=\"top\"\>\<td\>right\</td\>\</tr\>\</tbody\>\</table\>\</td\>\</tr\>\</tbody\>\</table\>\</td\>\</tr\>\</tbody\>\</table\>\</td\>\</tr\>\<tr valign=\"top\"\>\<td\>Formula handling\<table border=\"1\" cellspacing=\"0\" cellpadding=\"3\"\>\<tbody\>\<tr valign=\"top\"\>\<td\>More intuitive\<table border=\"1\" cellspacing=\"0\" cellpadding=\"3\"\>\<tbody\>\<tr valign=\"top\"\>\<td\>TreeSheets\<table border=\"1\" cellspacing=\"0\" cellpadding=\"3\"\>\<tbody\>\<tr valign=\"top\"\>\<td\>price\</td\>\<td\>\</td\>\<td\>qty\</td\>\<td\>total\</td\>\</tr\>\<tr valign=\"top\"\>\<td\>\<table border=\"1\" cellspacing=\"0\" cellpadding=\"3\"\>\<tbody\>\<tr valign=\"top\"\>\<td\>2.5\</td\>\</tr\>\<tr valign=\"top\"\>\<td\>3\</td\>\</tr\>\<tr valign=\"top\"\>\<td\>1.5\</td\>\</tr\>\</tbody\>\</table\>\</td\>\<td\>*\</td\>\<td\>\<table border=\"1\" cellspacing=\"0\" cellpadding=\"3\"\>\<tbody\>\<tr valign=\"top\"\>\<td\>4\</td\>\</tr\>\<tr valign=\"top\"\>\<td\>2\</td\>\</tr\>\<tr valign=\"top\"\>\<td\>6\</td\>\</tr\>\</tbody\>\</table\>\</td\>\<td\>\<table border=\"1\" cellspacing=\"0\" cellpadding=\"3\"\>\<tbody\>\<tr valign=\"top\"\>\<td\>10\</td\>\</tr\>\<tr valign=\"top\"\>\<td\>6\</td\>\</tr\>\<tr valign=\"top\"\>\<td\>9\</td\>\</tr\>\</tbody\>\</table\>\</td\>\</tr\>\<tr valign=\"top\"\>\<td\>\</td\>\<td\>\</td\>\<td\>\</td\>\<td\>sum\</td\>\</tr\>\<tr valign=\"top\"\>\<td\>\</td\>\<td\>\</td\>\<td\>\</td\>\<td\>25\</td\>\</tr\>\</tbody\>\</table\>\</td\>\<td\>vs\</td\>\<td\>Other spreadsheets\<table border=\"1\" cellspacing=\"0\" cellpadding=\"3\"\>\<tbody\>\<tr valign=\"top\"\>\<td\>price\</td\>\<td\>qty\</td\>\<td\>total\</td\>\</tr\>\<tr valign=\"top\"\>\<td\>2.5\</td\>\<td\>4\</td\>\<td\>10\</td\>\</tr\>\<tr valign=\"top\"\>\<td\>3\</td\>\<td\>2\</td\>\<td\>6\</td\>\</tr\>\<tr valign=\"top\"\>\<td\>1.5\</td\>\<td\>6\</td\>\<td\>9\</td\>\</tr\>\<tr valign=\"top\"\>\<td\>\</td\>\<td\>Grandtotal:\</td\>\<td\>25\</td\>\</tr\>\</tbody\>\</table\>\</td\>\</tr\>\</tbody\>\</table\>\</td\>\</tr\>\<tr valign=\"top\"\>\<td\>Not documented yet :\(\</td\>\</tr\>\</tbody\>\</table\>\</td\>\</tr\>\</tbody\>\</table\>\</td\>\</tr\>\</tbody\>\</table\> | pandoc -f html -t markdown > _posts/2009-03-25-treesheets-hierarchy-and-structure.md
echo A magyar ékezetes karakterek kódolására többféle módszert használhatunk\<br\>\<strong\>Optimista\</strong\>\<br\>Amikor csak beírjuk a szöveget ékezetesen, és bízunk abban, hogy ezt minden rendszer jól ismeri fel. Hát nem. De az a szerencse, hogy egy magyar szöveget viszonylag összekavart  általában akkor is meg lehet érteni, ha az ékezetes magánhangzók helyett krikszkraksz szerepel. Például\<blockquote\>H*tf*n, mikor a h*s*g rekken*\<br\>\<br\>eszembe *tlik egy b*kken*\</blockquote\>\<strong\>Minimalista\</strong\>\<br\>Simán leszedjük az ékezeteket. Ez dívik a hard-core programozók körében, illetve azoknál, akik a külföldi internet-kávézóban kénytelen megelégedni a sovány angol karakter-diétával. Ez gond nélkül olvasható, bár elég macerás utána rendes szöveggé alakítani.\<br\>\<strong\>Kalapos, avagy a majdnem jó\</strong\>\<br\>Ez a megközelítés abból indul ki, hogy a legtöbb ékezetet jól kezelik a rendszerek, csak a hosszú ő-vel és ű-vel van bibi, mivel azok egyedül a magyar ábécében szerepelnek. Tehát ha egy lépést teszünk a nyugati nyelvek felé, nagyobb eséllyel megy át a szöveg. Amúgy ez a megoldás jellemezte a hajdani hirdetéseket\<blockquote\>Új és használt f\<strong\>ű\</strong\>z\<strong\>ô\</strong\> eladó\</blockquote\>Ez a probléma minduntalan felbukkan, amikor egy fontnak nem készül magyar változata.\<br\>\<strong\>Külön ékezetes\</strong\>\<code\>Már csak ritkán találkozunk vele, tudományos igénnyel készült számítógépes szövegekben\</code\>\<blockquote\>\<code\> A\'rvi\'ztu\"ro\" tu:ko:rfu\'ro\'ge\'p\</code\>\</blockquote\>4kezetes\<br\>\<br\>Ez az én javaslatom. Az ékezetes magánhangzókat számmal helyettesítjük, mégpedig oly módon, hogy könnyen meg lehessen jegyezni, mi helyett milyen szám áll.\<ul\>	\<li\>1 - egy, \<strong\>ü\</strong\>gy\</li\>	\<li\>2 - kett\<strong\>ő\</strong\>\</li\>	\<li\>3 - h\<strong\>á\</strong\>rom\</li\>	\<li\>4 - n\<strong\>é\</strong\>gy\</li\>	\<li\>5 - \<strong\>ö\</strong\>t\</li\>	\<li\>7 - hét, h\<strong\>ű\</strong\>t\</li\>	\<li\>8 - ny\<strong\>ó\</strong\>c\</li\>	\<li\>9 - k\<strong\>í\</strong\>lenc\</li\>\</ul\>És lássunk egy példát is velük\<blockquote\>M4g ny9lnak a v5lgyben a kerti vir3gok,\<br\>\<br\>m4g z5ldell a ny3rfa az ablak el2tt\</blockquote\> | pandoc -f html -t markdown > _posts/2009-05-15-magyar-szoveg-kodolasa.md
echo \<img class=\"alignright size-full wp-image-182\" title=\"Sand tits\" src=\"http://adam.schmideg.net/wp-content/uploads/2009/04/sand-tits.jpg\" alt=\"Sand tits\" width=\"300\" height=\"186\" /\>This is the title of the radioplay that I sent yesterday to the \<a href=\"http://www.bbc.co.uk/worldservice/indepth/radioplay2008.shtml\"\>BBC radioplay competition\</a\>. Cross your fingers, so you\'ll see my name on the shortlist in August. | pandoc -f html -t markdown > _posts/2009-04-01-tits-for-tat.md
echo \<img class=\"aligncenter size-thumbnail wp-image-184\" title=\"Bins\" src=\"http://adam.schmideg.net/wp-content/uploads/2009/04/bin-150x150.jpg\" alt=\"Bins\" width=\"150\" height=\"150\" /\>When I practised Aikido, my master told us, Let your opponent hit where he wants to, then let him fall where he wants to.  I would apply the same Aikido strategy with spammers.  They send out tons of mails in the hope that one out of a thousand will click on a link.  Let\'s make them happy, let everyone click on the links.  Plugins could be added to mail clients that processes each spam and clicks every single link in it.  Spammers would get many times more clicks, they would need a larger infrastructure to cope with it, and a click wouldn\'t mean an intention to buy anymore. | pandoc -f html -t markdown > _posts/2009-04-03-make-spammers-happy.md
echo Nem mindegy. | pandoc -f html -t markdown > _posts/2009-04-05-tanclepes-vagy-lanctepes.md
echo Where would I be happiest?  In my ideal world, of course.  Everybody has one and each world is different.  In my world, I have the most beautiful women and houses and cars and whatever.  In your world, you have all of them.  If we take it too seriously, if we can\'t admit that we\'re living in a common, maybe-not-ideal world, it can make big troubles.  But dreaming about it is definitely safe if I\'m not going to act on it.  To make it come true, that\'s another piece of cake or post of blog.\<br\>\<img class=\"alignleft size-full wp-image-193\" title=\"eye\" src=\"http://adam.schmideg.net/wp-content/uploads/2009/04/eye1.jpg\" alt=\"eye\" width=\"150\" height=\"100\" /\>But how does it look like?  How does it feel to be there?  It\'s not easy to answer.   Is there murder in the ideal world?  Is there money there?  Is the annoying next-door lady there?  Is your ex there?  To put it another way, if you can choose whatever you like after death, what heaven would you make up for yourself?\<br\>\<br\>You can remove all the dark sides of life, erase murder, poverty, sadness from your heaven.  Then you would die of boredom.  No problem, you say, let\'s remove boredom, too.  Philip K Dick had a character in the \<a href=\"http://en.wikipedia.org/wiki/Eye_in_the_Sky_\(novel\)\"\>\<em\>Eye in the sky\</em\>\</a\> who removed everything she didn\'t like until she found herself in an empty universe.\<br\>\<br\>I want murder because I like detective stories, I just don\'t want murder to take place where I live.  Well, in an ideal world, I would try it once to experience it, then undo it somehow, because I am a good and moral person after all. | pandoc -f html -t markdown > _posts/2009-04-09-my-ideal-world.md
echo I tested my tagline on some friends. They didn\'t get it. So I added, \"Buckle your seatbelt, Dorothy\". I tested it with a friend, an American this time. He said, everybody\'s supposed to understand it, at least in the States. So I removed the Dorothy part. It\'s here, you know, just in case you\'d need it. | pandoc -f html -t markdown > _posts/2009-04-17-buckle-your-seatbelt-dorothy.md
echo I found a similar minded post about \<a href=\"http://w-shadow.com/blog/2009/02/26/internet-personality-types/\"\>the most common internet personality\</a\>.  They concluded the top personality type by the Myers-Briggs indicator is ENTP, followed by half that many ISTP\'s.  This was a result of googling for the types.  What I would do is\<ul\>	\<li\>pick words and phrases typical for each type\</li\>	\<li\>google for these phrases\</li\>	\<li\>compare the results\</li\>\</ul\> | pandoc -f html -t markdown > _posts/2009-04-30-who-is-the-internet.md
echo Most information remain locked up in the programmers\' head.  They do the thinking part, do some experiments, tailor the code, remove a snippet here and put back somewhere else.  The only thing that will be accessible is the code produced by them.\<br\>\<br\>So what\'s the big deal, you might ask.  You are not interested in the junk and clutter of some else\'s brain, you want the results only.  But it\'s not true.  When you think, you keep switching between different levels of thinking.  How to solve the problem at hand? You have a flash to make an abstraction, and create a separate rendering module.  Ack, you\'ll have to move all rendering code there.  Let\'s do some quick grepping which files are involved.  Cut-paste-cut-paste.  Oops, the test should reflect the changes.  Well, the whole idea doesn\'t quite work as expected, so you should make a step back, \"rollbacking\" some changes, while saving some others.\<br\>\<br\>In the Refactory programming environment, everything is within an arm\'s reach.  You start your work typing\<br\>\<code\>start \"Rewrite rendering\"\</code\>\<br\>You then type\<br\>\<code\>replace \"getFoo\" \"getFooBar\"\</code\>\<br\>and it will be done and remembered.  There are more complicated cases, of course, like\<br\>\<code\>replace \"getFoo\" \"getFooBar\" in \(find_in_module \"rendering\"\)\</code\>\<br\>There are ways to cut a piece of code and insert it elsewhere.  Finally, when you feel everything\'s fine, you just enter\<br\>\<code\>save\</code\>\<br\>And the whole story is stored away, including changes, meanderings, bandoned experiments, etc.\<br\>\<br\>What\'s the point in it?  You can get a very detailed picture how you implemented a feature, what ways you tried and found a dead-end.  You can analyze your manual refactorings, and come up with shortcuts.  Programming and meta-programming are done within the same system. There is an additional level that is usually done with an editor, we could call it meta-meta-programming, which is also integrated into the environment.\<br\>\<br\>It may sound a bit like the return of old day Lisp systems. Well, with a modern way of using it.\<br\>\<br\>Unfortunately, it exists only in my mind.  I wish someone implemented it.  It would be so nice to use it.\<br\>\<br\>Update:  Maletic had a similar idea in \<a href=\"http://www.sdml.info/collard/papers/icsm04.pdf\"\>Supporting source code difference analysis\</a\>. | pandoc -f html -t markdown > _posts/2009-05-03-refactory-programming-environment.md
echo I just finished my first version of an xslt transformation to \<a href=\"http://adam.schmideg.net/wp-content/uploads/2009/05/op2ts.xslt\"\>convert OPML to   TreeSheets xml\</a\> \(click on this link and save the file\). | pandoc -f html -t markdown > _posts/2009-05-12-treesheets-and-opml.md
echo \<img src=\"http://adam.schmideg.net/wp-content/uploads/2009/05/zen_stone1.jpg\" alt=\"zen_stone1\" title=\"zen_stone1\" width=\"300\" height=\"203\" class=\"alignleft size-full wp-image-235\" /\>\<p\>Van egy tárgy, egy eszköz, amely elsimítja a gondokat.  Hívjuk kulcsnak, nem, szebb nevet érdemel, tulajdonnevet. [Ezt a részt majd kés\&#337\;bb kitöltöm].  Mint gyereket a sztetoszkóp vagy anyja érintése gyógyítja meg.  Orvosság se kell, csak oda nyúlni, hol fészkel a fájdalom.  Kézrátét.  Bajok elleni érintésvédelem.\</p\>\<p\>Létezik ez a tárgy, de hol?  Nem láttátok?  Szükségem volna rá.  Csak használnám kicsit, és már vissza is adom, annak, akit illet, annak, aki kéri.\</p\>\<p\>Úgy képzelem, egészen apró, elfér a tenyeremben.  A nagy dolgok kicsik.  Van rajta egy kis mikrofon, mely akkor is érzékeli a beszédemet, ha csak magam elé suttogok.  De nem suttogok, hanem a számhoz közel viszem, és belebeszélek.  Érzem, ahogy h\&#369\;vösen fekszik a kezemen, mint egy gömböly\&#369\; szürke k\&#337\; az Ikeából.  Mint egy telefon, amely vissza tudja hívni a rejtett számot is.\</p\>\<p\>Csak mondom neki, hogy egyedül vagyok.  Nem olyan tisztán, mint akinek nincs senkije.  S\&#369\;r\&#369\;n el vagyok látva emberekkel \(még a Facebookra is regisztráltam pár nappal ezel\&#337\;tt\), a lányom jöv\&#337\;re iskolába megy.  De mindenki más, mint én.  Mindenkinek magyarázni kell magamat, és fülelni er\&#337\;sen, hogy az \&#337\; magyarázatukat megértsem.  És tenyeremben ott a tárgy, hallgat h\&#369\;vösen, ami oly jól esik.  Nem szól, nem mondja a tutit, nem tesz föl kérdéseket, nem ébreszt rá, hogy bennem van a válasz.  Nem segít és nem akadályoz.  Szavaimmal megtöltöm az áramköreit -- ha egyáltalán árammal m\&#369\;ködik.\</p\>\<p\>Még nem adom vissza, bocs, majd szólok, ha már nem fog kelleni.\</p\> | pandoc -f html -t markdown > _posts/2009-05-18-a-sima-tagy.md
echo I set a few goals for the next month. One of them is to double the number of visits to our \<a href=\"http://www.taskberry.com\"\>TaskBerry\</a\> site. I\'m not telling the figures, but I\'ll post about it in a month. Google analytics distinguishes three sources of visits,\<ul\>	\<li\>direct - you enter the url into the browser\</li\>	\<li\>search - you\'re looking for something, and you click on my site in the search results\</li\>\</ul\>\<ul\>	\<li\>referral - you\'re browsing another site, then click on a link to my site\</li\>\</ul\>Each of them requires a different approach. To increase direct visits, I\'ll need to tell my friend about the goodies they\'ll find on my site. To get more visits from search results, I\'ll have to provide great content. To have more links to TaskBerry..., I don\'t know. It probably takes great content and letting people know about it. There must be two thresholds on the internet\<ul\>	\<li\>to click or not to click\</li\>	\<li\>to link or not to link\</li\>\</ul\>And you have to be clicked first in order to be linked to. | pandoc -f html -t markdown > _posts/2009-05-19-to-double-the-visits-to-taskberry.md
echo What\'s the difference between Sharon Stone and me? She\'s not a member of the Mensa \(she admitted it a few years ago\), I \<em\>am\</em\>. You may find some other differences of lesser importance. | pandoc -f html -t markdown > _posts/2009-06-12-mensa-hungariqa-and-sharon-stone.md
echo \<p\>Pályáztam a Nemzeti állatkertre \<a href=\"http://nemzetiallatkert.blog.hu/2009/11/23/schmideg_adam_a_polipikus_akinek_kicsi_volt_a_farka\"\>A Polipikus, akinek kicsi volt a farka\</a\> c. fabulával.\</p\> | pandoc -f html -t markdown > _posts/2009-11-23-a-polipikus-akinek-kicsi-volt-a-farka.md
echo Már a címadással is bajban vagyok.  Paul Graham \<a href=\"http://paulgraham.com/essay.html\"\>írt egy esszét\</a\> arról, hogy hogyan ír esszét.  Amikor elkezdi, 20%-át tudja csak, hogy mit fog írni, és éppen azért ír, hogy rájöjjön a maradék 80%-ra.  Ezt felfedező esszének hívja, s ennek a mintájára kezdett érdekelni, lehet-e ugyanilyet művelni a... hát ez az, mondjuk, szépirodalommal.  Hogyan lehet elmesélni egy történetet, amelyet még nem tudok, azért, hogy megismerjem magát a sztorit, és közben rájöjjek valami többre is?  Nézzünk egy példát.\<br\>\<br\>Tegnap megint behívott egy kávéra a szomszédasszony.  Testre simuló ruhát viselt és izgató parfümöt.  Emlékezett, hogy a múltkor egy cukorral ittam a kávét, aztán konyakkal kínált, amit tétován visszautasítottam.  Egy pillanatra megsimította a kezemet, és azt mondta: ráér az később is.  Otthon már bántam, hogy nem fogadtam el a konyakot, de talán még így is összejöhet egy kis rendszeres szex kedden és csütörtökön délelőtt, mialatt a feleségem tanít.\<br\>\<br\>Ha ezt elolvassa a feleségem vagy az ő férje, lebukunk.  Az esszé dolga könnyebb, mivel elvontabb, ott elemezhetem a szomszédok közötti szeretői viszonyt a lebukás veszélye nélkül.  Persze átalakíthatom a történetet úgy, hogy ne a szomszédasszonyról szóljon, hanem a trafikosnőről, nem feleség szerepel, hanem barátnő, aki csütörtökönként moziba jár a haverjaival.  Nem első személyben beszélne a főszereplő, és nem is én lennék az, hanem Kimmer Pál masszőr.  \"Palikám, magának olyan szép erős és szőrös keze van\", mondaná Magdi a trafikban.  Viszont ha már trafik, akkor Pál valamiért rendszeresen jár oda, cigit vesz, tehát dohányzik, vagy nemrég leszokott, és rágót vesz azóta.  És mit keres otthon napközben, miért nem dolgozik?  Házhoz járnak a kuncsaftjai, tehát jólmenő masszőr.  Egy csomó kérdés vetődik fel attól, hogy átültettem a sztorit, olyan kérdések, amelyek nem léteztek az eredeti környezetben, és talán nem is ezekre akarok válaszolni.  Engem az érdekel, hogy lefeküdjön-e Pál Magdival.\<br\>\<br\>Nálam az alapkérdés legtöbbször nem is sztori, hanem ilyen elvont dolog, mint hogy hogyan lehet felfedező történetet írni.  Ezt is át kell ültetni, hogy sztori legyen.  Szóljon egy íróról?  Kilátszik a lóláb.  És úgy látszik, tényleg segít a gondolkodásban, ha az eredeti helyzettől elvonatkoztatok.  Akkor szóljon egy potenciális felfedezőről, egy kisfiúról, aki mindent könyvet elolvasott és minden filmet megnézett Amundsenről, Cookról és a többiekről.  Felfedező akar lenni egy olyan korban, amikor elfogytak a térképről a fehér foltok, ráadásul még csak 12 éves.  Elhatározza, hogy felfedezi a Ferencvárost, ahol a nagyszülei laknak\; ezt a környéket kevéssé ismeri, és ide még elengedik a szülei.  Előveszi a térképet... és itt meg kell álljak.  Romantikusabb volna, ha térképet böngészne, és iránytűvel indulna útnak, de ez egy mai gyerek, és talán már inkább a neten nézi meg a helyszínt, a telefonjába pedig már GPS-t is beépítettek.  Utána kéne nézni, milyen telefonja és mobilelőfizetése van egy mai hatodikos fiúnak.  Ennyire viszont nem érdekel ez a konkrét sztori.\<br\>\<br\>Illetve érdekel, hiszen rólam szól.  Az a kölyök azért indul el, hogy valamit számomra is felfedezzen.  Az osztálytársai lenézik a hóbortjait, hogy felfedező akar lenni, és nem web-dizájner, hogy iránytűt hord magával és alumínium-dobozban kekszet, mint mondja, szükség esetére.  Az Óbester utca közelében talált két olyan zsákutcát, melynek nevét nem tüntette fel a térkép.  Szerdán elkéredzkedik az utolsó óráról, rosszullétre hivatkozva.  A Mester utcánál felszáll a 21A-ra, elhagyja az első megállót, ahol le szokott szállni, és izgatottan utazik tovább, ismétli magában a számokat, még hármat kell menni, még kettőt, következő.  Leszáll a Bokráta utcánál, körbenéz, és egyedül van.  Nem vagyok vele, nem tudom, mit láthat, azt a környéket nem ismerem.\<br\>\<br\>A sarkon virágbolt, a kirakatában kopott műanyag pálma.  A pálma jó jel, gondolja, azt jelenti, hogy elhagyta az európai civilizációt.  Egy bennszülött tűnik fel az utcán, sötétkék kezeslábast visel \<em\>Villtech\</em\> felirattal.  Szóval a villtech-törzs tagjai laknak erre, gondolja a fiú, megmarkolja az iránytűt, és abból erőt merítve indul tovább az Óbester utca felé.  A következő sarkon megáll, felnéz a málló sárga vakolatra, ott a névtábla: Szappanos köz.  Kissé kiábrándultan olvassa el, hogy ilyen könnyen ment.  Az egész utca három házból áll az egyik oldalon, a másik oldalát végig egy kihalt gyárépület foglalja el.  A térképkészítők szerint úgy látszik egy ilyen csöpp kis utcát még feltüntetni sem érdemes.\<br\>\<br\>Szerencsére van még egy felfedeznivaló, alig százötven méterre innen.  A fiú már nem olyan lelkes, biztos annak is lesz valami semmitmondó neve, de azért megy tovább.  Egy kocsma mellett halad el, bent üvölt a tévé vagy egy vendég kiabál.  Nem mer benézni.  A sarkon egy apró bolt, \<em\>Gyerebe ABC\</em\>, utána a zsákutca.  Befordul, felnéz a falra, ugyanolyan málló vákolat, ezúttal névtábla nélkül.  Szemben körbekerített üres telek, rajta derékmagasságig érő gyom, utcatábla sehol.  Végigsétál az utca jobb oldalán, a házak bejáratát lelkiismeretesen számozták 1-től 5-ig, de nevet nem írtak sehol.  Visszamegy a sarokra, a boltban a pult mögött egy csúnya húsz év körüli lány áll, tőle kérdezi, hogy hívják az utcát.  A lány elgondolkodik: Szappanos, nem, az följebb van, akkor valamilyen Holló, nem, az a másik, nem tudom, miért, kit keresel?  Á, nem érdekes, mondja a fiú, és lépne ki az ajtón, mikor a pult mögötti térből felbukkan egy középkorú nő.\<br\>\<br\>— Akarod tudni, fiam, hogy hívják ezt az utcát?\<br\>— Igen, csókolom.\<br\>— Megmutatom, hol van kiírva.  Gyere, innen a raktáron keresztül közelebb.\<br\>\<br\>A fiú kissé elcsodálkozik, megkerüli a pultot, átmegy a nejlonfüggönyön, és követi a nőt.  Egy szűk folyosóra jut, a nő egy nyitott fémajtónál várja, és mutatja neki, hogy menjen előre.  A fiú belép az ajtón, mely becsapódik mögötte, és hallja, ahogy fordul a zárban a kulcs.  Megijed, gyorsan körbenéz, de nincs más kijárat, egy félhomályos szobában áll, a falon naptár lóg: Villtech Kft 1993.\<br\>\<img class=\"aligncenter size-full wp-image-254\" title=\"gyerebe-utca\" src=\"http://adam.schmideg.net/wp-content/uploads/2010/03/gyerebe-utca.jpg\" alt=\"gyerebe-utca\" width=\"500\" height=\"300\" /\>\<br\>A történet épp csak elkezdődött, ez a nevenincs fiú máris sokat segített nekem.  Magával vitt egy felfedezőútra, ahonnan nem tudok még visszatérni az esszé hűvösebb világába.  Ezt a sztorit ilyen folyt. köv.  állapotban hagyom egyelőre, és az esszé is így marad.  Talán visszatérek hozzájuk, talán nem. \<br\>\<br\>Én, az író eljutottam magamban valahová.  De lehet, hogy te, az olvasó máshová jutottál, és most a történet és az esszé szintjén is kielégületlen maradtál.  Ez a kérdés is érdekel, mi jó az írónak, és mi az olvasónak.  Ezt viszont egy másik esszében vagy sztoriban fogom felfedezni. | pandoc -f html -t markdown > _posts/2010-03-01-felfedezo-irodalom.md
echo Van egy szerzô, akinek mindenki ráismer a stílusára.\<br\>El se kell olvasni, amit írt.\<br\>Elég ránézni.\<br\>Úgy néz ki, mintha csak a lényegrôl írna.\<br\>Nem beszél mellé.\<br\>Minden egyes mondata az igazságot hordozza.\<br\>Így is kell olvasni: mondatonként.\<br\>Elolvasod egy mondatát, és elgondolkodsz rajta.\<br\>Elgondolkodtat.\<br\>Kíváncsi volnék, az életben hogyan beszél?\<br\>Vajon ott is szünetet tart minden mondat után?\<br\>Hogyan kér húsz deka felvágottat a boltban?\<br\>És még tizenöt dekát abból a füstölt sajtból.\<br\>Nyugodt ember lehet, nem siet sehová.\<br\>Az olvasóit sem hagyja sietni.\<br\>Ki lehet az?\<br\>Az írása hasonlít\<p style=\"text-align: center\;\"\>Majakovszkij verseihez\</p\>\<p style=\"text-align: right\;\"\>de nem ô az.\</p\>Hanem Müller Péter.\<br\>A Mester.\<br\>Aki olyan otthonosan mozog a spirituális világban, mint én a Teréz-körúton.\<br\>Akinek a legkevesebbet kell írnia ahhoz, hogy megteljen egy oldal.\<br\>Kevés szóval is sokat mond.\<br\>Sôt.\<br\>\<br\>Egy idôben idegesített.\<br\>Aztán eszembe jutott, hogy kipróbálom, milyen így írni.\<br\>Kiteszem a pontot, és elgondolkodom.\<br\>Hogyan folytassam?\<br\>Ez ad egy ritmust a gondolkodásnak.\<br\>Nem hagy elôreszaladni.\<br\>Arra kényszerít, hogy egyszerre egyetlen dolgon gondolkodjak.\<br\>A következô mondaton.\<br\>Kizárja a bonyolultabb gondolatokat.\<br\>Amit nem lehet egy mondatban megfogalmazni, arról hallgatni kell.\<br\>Kötöttségekkel írni.\<br\>Például nem prózában írni, hanem hexameterben, mint Devecseri Gábor.\<br\>Aztán lemenni a boltba és a pultnál kérni.\<em\>Kérek tíz deka sonkát és ugyanannyi szalámit.\</em\>Hexameterben.\<br\>A kötöttség szabadságot ad.\<br\>Ha meg van kötve a lábam, kénytelen vagyok lassabban mozogni.\<br\>Ha lassabban mozgok, jobban figyelek a lépéseimre.\<br\>Észreveszem a göröngyöket a talajon.\<br\>Meghallom a lánc csörgését és meghallom a madarak énekét.\<br\>Ez a jelenlét.\<br\>\<br\>Itt be is fejezhetném.\<br\>Kimondtam egy nagy igazságot.\<br\>De: a nagy igazságok unalmasak.\<br\>Mindenkihez szólnak, ezért senkihez.\<br\>Én a saját kicsi igazságomat keresem.\<br\>Amivel más nem tud mit kezdeni.\<br\>Amit leírok, és utána felkiáltok: nahát, hogy erre nem gondoltam eddig!\<br\>Amitôl kicsit megváltozik az életem.\<br\>Ahogy egy csokor nárcisz az asztalon megváltoztatja a szobát.\<br\>Nem a lakást akarom elcserélni, nem is a szobát kifesteni.\<br\>Csak egyetlen csokor virágot.\<br\>Vagy még annál is kevesebbet, kivinni a tányért a mosogatóba.\<br\>Más talán észre sem veszi a változást.\<br\>Én sem veszem észre, ha sietek.\<br\>Lelassulni.\<br\>Hármas sebességbôl kettesbe váltani.\<br\>Minden egyes mondatra odafigyelni.\<br\>Kitenni a pontot és elgondolkodni.\<br\>Aztán ha kész a szöveg, újraolvasni.\<br\>A pontokat vesszôre cserélni.\<br\>Ez idegesít Müller Péternél, hogy a végén nem cseréli ki a pontokat.\<br\>Én sem fogom.\<br\>Ez az igazság. | pandoc -f html -t markdown > _posts/2010-03-28-egy-mondatban-megfogalmazni.md
